{"canning": {
	"simple":[
	{"food":"Chicken or rabbit (with bones)","type":"meat","jar":"both","pack":"both","can":"pressure","photo":"img/chickenwb.jpg","extra":"","id":0},
{"food":"Chicken or rabbit (without bones)","type":"meat","jar":"both","pack":"both","can":"pressure","photo":"img/chickenwob.jpg","extra":"","id":1},
{"food":"Apples","type":"fruit","jar":"both","pack":"hot","can":"bath","photo":"img/apples.jpg","extra":"","id":2},
{"food":"Applesauce","type":"fruit","jar":"both","pack":"hot","can":"bath","photo":"img/applesauce.jpg","extra":"","id":3},
{"food":"Apricots","type":"fruit","jar":"both","pack":"both","can":"bath","photo":"img/apricots.jpg","extra":"","id":4},
{"food":"Asian Pears","type":"fruit","jar":"both","pack":"both","can":"bath","photo":"img/asianpear.jpg","extra":"add lemon juice or citric acid","id":5},
{"food":"Asparagus","type":"vege","jar":"both","pack":"hot","can":"pressure","photo":"img/asparagus.jpg","extra":"","id":6},
{"food":"Beans (dried, rehydrated)","type":"vege","jar":"both","pack":"hot","can":"pressure","photo":"img/beansd.jpg","extra":"","id":7},
{"food":"Beans (fresh lima)","type":"vege","jar":"both","pack":"both","can":"pressure","photo":"img/limabeans.jpg","extra":"","id":8},
{"food":"Beans (green, wax, snap)","type":"vege","jar":"both","pack":"both","can":"pressure","photo":"img/beansgws.jpg","extra":"","id":9},
{"food":"Beets","type":"vege","jar":"both","pack":"hot","can":"pressure","photo":"img/beets.jpg","extra":"","id":10},
{"food":"Berries","type":"fruit","jar":"both","pack":"both","can":"bath","photo":"img/berries.jpg","extra":"","id":11},
{"food":"Carrots","type":"vege","jar":"both","pack":"both","can":"pressure","photo":"img/carrots.jpg","extra":"","id":12},
{"food":"Cherries (sweet or pie)","type":"fruit","jar":"both","pack":"both","can":"bath","photo":"img/cherries.jpg","extra":"","id":13},
{"food":"","type":"","jar":"","pack":"","can":"","photo":null,"extra":"","id":14},
{"food":"Chili peppers","type":"vege","jar":"pint","pack":"hot","can":"pressure","photo":"img/peppers.jpg","extra":"","id":15},
{"food":"Clams","type":"seafood","jar":"pint","pack":"hot","can":"pressure","photo":"img/clams.jpg","extra":"","id":16},
{"food":"Corn (cream style)","type":"vege","jar":"pint","pack":"hot","can":"pressure","photo":"img/cornc.jpg","extra":"","id":17},
{"food":"Corn (whole kernel)","type":"vege","jar":"both","pack":"both","can":"pressure","photo":"img/cornw.jpg","extra":"","id":18},
{"food":"Crab","type":"seafood","jar":"pint","pack":"raw","can":"pressure","photo":"img/crab.jpg","extra":"cook and cool; add lemon juice or citric acid","id":19},
{"food":"Figs","type":"fruit","jar":"both","pack":"hot","can":"bath","photo":"img/figs.jpg","extra":"add lemon juice or citric acid","id":20},
{"food":"Fish","type":"seafood","jar":"pint","pack":"raw","can":"pressure","photo":"img/fish.jpg","extra":"","id":21},
{"food":"Fish (lightly smoked)","type":"seafood","jar":"pint","pack":"raw","can":"pressure","photo":"img/fishls.jpg","extra":"","id":22},
{"food":"Fruit juice","type":"fruit","jar":"both","pack":"hot","can":"bath","photo":"img/fruitjuice.jpg","extra":"","id":23},
{"food":"Fruit puree (not melon, fig, papaya or mango)","type":"fruit","jar":"both","pack":"hot","can":"bath","photo":"img/puree.jpg","extra":"","id":24},
{"food":"Meat stock or broth","type":"meat","jar":"both","pack":"hot","can":"pressure","photo":"img/broth.jpg","extra":"","id":25},
{"food":"Red meat (ground or chopped)","type":"meat","jar":"both","pack":"hot","can":"pressure","photo":"img/meatc.jpg","extra":"","id":26},
{"food":"Red meat (strips, cubes, or chunks)","type":"meat","jar":"both","pack":"both","can":"pressure","photo":"img/meatc.jpg","extra":"","id":27},
{"food":"","type":"","jar":"","pack":"","can":"","photo":null,"extra":"","id":28},
{"food":"Mushrooms (not wild)","type":"vege","jar":"pint","pack":"hot","can":"pressure","photo":"img/mushrooms.jpg","extra":"","id":29},
{"food":"Nectarines","type":"fruit","jar":"both","pack":"both","can":"bath","photo":"img/nectarines.jpg","extra":"","id":30},
{"food":"Oysters","type":"seafood","jar":"pint","pack":"raw","can":"pressure","photo":"img/oyster.jpg","extra":"","id":31},
{"food":"Peaches","type":"fruit","jar":"both","pack":"both","can":"bath","photo":"img/peaches.jpg","extra":"","id":32},
{"food":"Pears","type":"fruit","jar":"both","pack":"both","can":"bath","photo":"img/pears.jpg","extra":"","id":33},
{"food":"Peas (green)","type":"vege","jar":"both","pack":"both","can":"pressure","photo":"img/peas.jpg","extra":"","id":34},
{"food":"Plums","type":"fruit","jar":"both","pack":"both","can":"bath","photo":"img/plums.jpg","extra":"","id":35},
{"food":"Potatoes (white and cubed)","type":"vege","jar":"both","pack":"hot","can":"pressure","photo":"img/potatoesc.jpg","extra":"","id":36},
{"food":"Pumpkin and winter squash (cubed)","type":"vege","jar":"both","pack":"hot","can":"pressure","photo":"img/pumpkinc.jpg","extra":"","id":37},
{"food":"Rhubarb","type":"fruit","jar":"both","pack":"hot","can":"bath","photo":"img/rhubarb.jpg","extra":"","id":38},
{"food":"","type":"","jar":"","pack":"","can":"","photo":null,"extra":"","id":39},
{"food":"Soup (without fish)","type":"meat","jar":"both","pack":"hot","can":"pressure","photo":"img/soupnf.jpg","extra":"","id":40},
{"food":"Spinach and other greens","type":"vege","jar":"both","pack":"hot","can":"pressure","photo":"img/spinach.jpg","extra":"","id":41},
{"food":"Tuna","type":"seafood","jar":"pint","pack":"both","can":"pressure","photo":"img/tuna.jpg","extra":"","id":42},
{"food":"Shrimp","type":"seafood","jar":"pint","pack":"hot","can":"pressure","photo":"img/shrimp.jpg","extra":"cook and peel","id":43},
{"food":"Tomatoes (whole or half)","type":"fruit","jar":"both","pack":"raw","can":"bath","photo":"img/tomatoes.jpg","extra":"do not add water; add lemon juice or citric acid","id":44},
{"food":"Tomatoes (crushed)","type":"fruit","jar":"both","pack":"hot","can":"bath","photo":"img/tomatoes.jpg","extra":"cook 5 minutes; add lemon juice or citric acid","id":45},
{"food":"","type":"","jar":"","pack":"","can":"","photo":null,"extra":"","id":46},
{"food":"Potatoes (white, small, & whole)","type":"vege","jar":"","pack":"","can":"pressure","photo":"img/potatoesw.jpg","extra":"pre-cook 10 minutes","id":47}],
"pressure":[
{"food":"Asparagus","jar":"pint","time":30,"id":6},
{"food":"Asparagus","jar":"quart","time":40,"id":6},
{"food":"Beans(green, wax, snap)","jar":"pint","time":20,"id":9},
{"food":"Beans(green, wax, snap)","jar":"quart","time":25,"id":9},
{"food":"Beans(fresh lima)","jar":"pint","time":40,"id":8},
{"food":"Beans(fresh lima)","jar":"quart","time":50,"id":8},
{"food":"Beans or Peas(dried, rehydrated)","jar":"pint","time":75,"id":7},
{"food":"Beans or Peas(dried, rehydrated)","jar":"quart","time":90,"id":7},
{"food":"Beets","jar":"pint","time":30,"id":10},
{"food":"Beets","jar":"quart","time":35,"id":10},
{"food":"Carrots","jar":"pint","time":25,"id":12},
{"food":"Carrots","jar":"quart","time":30,"id":12},
{"food":"Chili peppers","jar":"pint","time":35,"id":15},
{"food":"Corn (cream-style)","jar":"pint","time":85,"id":17},
{"food":"Corn (whole kernel)","jar":"pint","time":55,"id":18},
{"food":"Corn (whole kernel)","jar":"quart","time":85,"id":18},
{"food":"Mushrooms (not wild)","jar":"pint","time":45,"id":29},
{"food":"Peas, green","jar":"pint","time":40,"id":34},
{"food":"Peas, green","jar":"quart","time":40,"id":34},
{"food":"Potatoes (white and cubed)","jar":"pint","time":35,"id":36},
{"food":"Potatoes (white and cubed)","jar":"quart","time":40,"id":36},
{"food":"Potatoes (white, small whole)","jar":"pint","time":35,"id":47},
{"food":"Potatoes (white, small whole)","jar":"quart","time":40,"id":47},
{"food":"Pumpkin and winter squash, squash, cubed","jar":"pint","time":55,"id":37},
{"food":"Pumpkin and winter squash, squash, cubed","jar":"quart","time":90,"id":37},
{"food":"Spinach & other greens","jar":"pint","time":70,"id":41},
{"food":"Spinach & other greens","jar":"quart","time":90,"id":41},
{"food":"Chicken or Rabbit Without Bones","jar":"pint","time":75,"id":1},
{"food":"Chicken or Rabbit Without Bones","jar":"quart","time":90,"id":1},
{"food":"Chicken or Rabbit With Bones","jar":"pint","time":65,"id":0},
{"food":"Chicken or Rabbit With Bones","jar":"quart","time":75,"id":0},
{"food":"Red meat","jar":"pint","time":75,"id":26},
{"food":"Ground or Chopped","jar":"quart","time":90,"id":26},
{"food":"Red meat","jar":"pint","time":75,"id":27},
{"food":"Strips, Cubes, or chunks","jar":"quart","time":90,"id":27},
{"food":"Meat Stock or Broth","jar":"pint","time":20,"id":25},
{"food":"Meat Stock or Broth","jar":"quart","time":25,"id":25},
{"food":"Soup","jar":"pint","time":60,"id":40},
{"food":"Soup","jar":"quart","time":75,"id":40},
{"food":"Clams","jar":"pint","time":70,"id":16},
{"food":"Crab, cooked and cooled","jar":"pint","time":80,"id":19},
{"food":"Fish","jar":"pint","time":100,"id":21},
{"food":"Fish, lightly smoked","jar":"pint","time":110,"id":22},
{"food":"Oysters","jar":"pint","time":75,"id":31},
{"food":"Tuna","jar":"pint","time":100,"id":42},
{"food":"Shrimp, cooked and peeled","jar":"pint","time":45,"id":43}],
"water":[
{"food":"Apples","jar":"pint","pack":"hot","e1":20,"e2":25,"e3":25,"e4":30,"e5":30,"e6":35,"extra":"","id":2},
{"food":"Apples","jar":"quart","pack":"hot","e1":20,"e2":25,"e3":25,"e4":30,"e5":30,"e6":35,"extra":"","id":2},
{"food":"Applesauce","jar":"pint","pack":"hot","e1":15,"e2":20,"e3":20,"e4":20,"e5":20,"e6":25,"extra":"","id":3},
{"food":"Applesauce","jar":"quart","pack":"hot","e1":20,"e2":25,"e3":25,"e4":30,"e5":30,"e6":35,"extra":"","id":3},
{"food":"Apricots","jar":"pint","pack":"hot","e1":20,"e2":25,"e3":25,"e4":30,"e5":30,"e6":35,"extra":"","id":4},
{"food":"Apricots","jar":"quart","pack":"hot","e1":25,"e2":30,"e3":30,"e4":35,"e5":35,"e6":40,"extra":"","id":4},
{"food":"Apricots","jar":"pint","pack":"raw","e1":25,"e2":30,"e3":30,"e4":35,"e5":35,"e6":40,"extra":"","id":4},
{"food":"Apricots","jar":"quart","pack":"raw","e1":30,"e2":35,"e3":35,"e4":40,"e5":40,"e6":45,"extra":"","id":4},
{"food":"Nectarines","jar":"pint","pack":"hot","e1":20,"e2":25,"e3":25,"e4":30,"e5":30,"e6":35,"extra":"","id":30},
{"food":"Nectarines","jar":"quart","pack":"hot","e1":25,"e2":30,"e3":30,"e4":35,"e5":35,"e6":40,"extra":"","id":30},
{"food":"Nectarines","jar":"pint","pack":"raw","e1":25,"e2":30,"e3":30,"e4":35,"e5":35,"e6":40,"extra":"","id":30},
{"food":"Nectarines","jar":"quart","pack":"raw","e1":30,"e2":35,"e3":35,"e4":40,"e5":40,"e6":45,"extra":"","id":30},
{"food":"Peaches","jar":"pint","pack":"hot","e1":20,"e2":25,"e3":25,"e4":30,"e5":30,"e6":35,"extra":"","id":32},
{"food":"Peaches","jar":"quart","pack":"hot","e1":25,"e2":30,"e3":30,"e4":35,"e5":35,"e6":40,"extra":"","id":32},
{"food":"Peaches","jar":"pint","pack":"raw","e1":25,"e2":30,"e3":30,"e4":35,"e5":35,"e6":40,"extra":"","id":32},
{"food":"Peaches","jar":"quart","pack":"raw","e1":30,"e2":35,"e3":35,"e4":40,"e5":40,"e6":45,"extra":"","id":32},
{"food":"Pears","jar":"pint","pack":"hot","e1":20,"e2":25,"e3":25,"e4":30,"e5":30,"e6":35,"extra":"","id":33},
{"food":"Pears","jar":"quart","pack":"hot","e1":25,"e2":30,"e3":30,"e4":35,"e5":35,"e6":40,"extra":"","id":33},
{"food":"Pears","jar":"pint","pack":"raw","e1":25,"e2":30,"e3":30,"e4":35,"e5":35,"e6":40,"extra":"","id":33},
{"food":"Pears","jar":"quart","pack":"raw","e1":30,"e2":35,"e3":35,"e4":40,"e5":40,"e6":45,"extra":"","id":33},
{"food":"Asian pears","jar":"pint","pack":"hot","e1":20,"e2":25,"e3":25,"e4":30,"e5":30,"e6":35,"extra":"1 TBSP","id":5},
{"food":"Asian pears","jar":"quart","pack":"hot","e1":25,"e2":30,"e3":30,"e4":35,"e5":35,"e6":40,"extra":"2 TBSP","id":5},
{"food":"Asian pears","jar":"pint","pack":"raw","e1":25,"e2":30,"e3":30,"e4":35,"e5":35,"e6":40,"extra":"1 TBSP","id":5},
{"food":"Asian pears","jar":"quart","pack":"raw","e1":30,"e2":35,"e3":35,"e4":40,"e5":40,"e6":45,"extra":"2 TBSP","id":5},
{"food":"Berries","jar":"pint","pack":"hot","e1":15,"e2":20,"e3":20,"e4":20,"e5":20,"e6":25,"extra":"","id":11},
{"food":"Berries","jar":"quart","pack":"hot","e1":15,"e2":20,"e3":20,"e4":20,"e5":20,"e6":25,"extra":"","id":11},
{"food":"Berries","jar":"pint","pack":"raw","e1":15,"e2":20,"e3":20,"e4":20,"e5":20,"e6":25,"extra":"","id":11},
{"food":"Berries","jar":"quart","pack":"raw","e1":20,"e2":25,"e3":25,"e4":30,"e5":30,"e6":35,"extra":"","id":11},
{"food":"Cherries","jar":"pint","pack":"hot","e1":15,"e2":20,"e3":20,"e4":20,"e5":20,"e6":25,"extra":"","id":13},
{"food":"Cherries","jar":"quart","pack":"hot","e1":20,"e2":25,"e3":25,"e4":30,"e5":30,"e6":35,"extra":"","id":13},
{"food":"Cherries","jar":"pint","pack":"raw","e1":25,"e2":30,"e3":30,"e4":35,"e5":35,"e6":40,"extra":"","id":13},
{"food":"Cherries","jar":"quart","pack":"raw","e1":25,"e2":30,"e3":30,"e4":35,"e5":35,"e6":40,"extra":"","id":13},
{"food":"Figs","jar":"pint","pack":"hot","e1":45,"e2":50,"e3":50,"e4":55,"e5":55,"e6":60,"extra":"1 TBSP","id":20},
{"food":"Figs","jar":"quart","pack":"hot","e1":50,"e2":55,"e3":55,"e4":60,"e5":60,"e6":65,"extra":"2 TBSP","id":20},
{"food":"Fruit Juice","jar":"pint","pack":"hot","e1":5,"e2":10,"e3":10,"e4":10,"e5":10,"e6":15,"extra":"","id":23},
{"food":"Fruit Juice","jar":"quart","pack":"hot","e1":5,"e2":10,"e3":10,"e4":10,"e5":10,"e6":15,"extra":"","id":23},
{"food":"Fruit Juice","jar":"half gallon","pack":"hot","e1":10,"e2":15,"e3":15,"e4":15,"e5":15,"e6":20,"extra":"","id":23},
{"food":"Fruit Puree","jar":"pint","pack":"hot","e1":15,"e2":20,"e3":20,"e4":20,"e5":20,"e6":25,"extra":"","id":24},
{"food":"Fruit Puree","jar":"quart","pack":"hot","e1":15,"e2":20,"e3":20,"e4":20,"e5":20,"e6":25,"extra":"","id":24},
{"food":"Plums","jar":"pint","pack":"hot","e1":20,"e2":25,"e3":25,"e4":30,"e5":30,"e6":35,"extra":"","id":35},
{"food":"Plums","jar":"quart","pack":"raw","e1":25,"e2":30,"e3":30,"e4":35,"e5":35,"e6":40,"extra":"","id":35},
{"food":"Rhubarb","jar":"pint","pack":"hot","e1":15,"e2":20,"e3":20,"e4":20,"e5":20,"e6":25,"extra":"","id":38},
{"food":"Rhubarb","jar":"quart","pack":"hot","e1":15,"e2":20,"e3":20,"e4":20,"e5":20,"e6":25,"extra":"","id":38},
{"food":"Tomatoes (whole of half) no aded water","jar":"pint","pack":"raw","e1":85,"e2":90,"e3":90,"e4":95,"e5":95,"e6":100,"extra":"1TBSP","id":44},
{"food":"Tomatoes (whole of half) no aded water","jar":"quart","pack":"raw","e1":85,"e2":90,"e3":90,"e4":95,"e5":95,"e6":100,"extra":"2TBSP","id":44},
{"food":"Tomatoes (crushed & cooked) 5 minutes","jar":"pint","pack":"hot","e1":35,"e2":40,"e3":40,"e4":45,"e5":45,"e6":50,"extra":"1TBSP","id":45},
{"food":"Tomatoes (crushed & cooked) 5 minutes","jar":"quart","pack":"hot","e1":45,"e2":50,"e3":50,"e4":55,"e5":55,"e6":60,"extra":"2TBSP","id":45}]}}

